diam,length,br,gauss
3.924550824045093,3.5025764741031074,8582.304110282019,520.5
3.924550824045093,3.5025764741031074,8716.74718264597,536.9
3.924550824045093,3.5025764741031074,8869.143707641906,555.9
3.924550824045093,3.5025764741031074,9044.282708820503,578.1
