diam,length,br,gauss
4.352663270937033,4.314043182161741,8587.333617685868,711.9
4.352663270937033,4.314043182161741,8650.967387889217,722.5
4.352663270937033,4.314043182161741,8941.150675479757,771.8
4.352663270937033,4.314043182161741,9031.445539363114,787.4
